question_id,gold_answer,round1_output,round1_correct_flag,round2_output,round2_correct_flag,is_output_diff,is_correctness_flip
83,N₂,氮气的化学式是N2。,1,氮气的化学式是N2。,1,0,0
297,亚热带,"中国柑橘主要分布在亚热带和暖温带地区，属于亚热带季风气候区。这个区域的年平均气温一般在16-25℃之间，冬季温暖，夏季炎热，四季分明，雨量充沛，日照充足，这些条件非常适合柑橘类水果的生长。

具体来说：

1. **亚热带**：包括长江中下游、江南、华南南部等地区，如浙江、福建、广东、广西等地。
2. **暖温带**：包括四川盆地、贵州、云南等地区，虽然纬度较低，但由于地形复杂，也有适宜种植柑橘的地方。

因此，中国柑橘的主要产区位于亚热带和暖温带地区，这些地方的气候特点为柑橘提供了良好的生长环境。",1,"中国柑橘主要分布在亚热带和暖温带地区，属于亚热带季风气候区。这个区域的年平均气温一般在16-25℃之间，冬季温暖，夏季炎热，四季分明，雨量充沛，日照充足，这些条件非常适合柑橘类水果的生长。

具体来说：

1. **亚热带**：包括长江中下游、江南、华南南部等地区，如浙江、福建、广东、广西等地。
2. **暖温带**：包括四川盆地、贵州、云南等地区，虽然纬度较低，但由于地形复杂，也有适宜种植柑橘的地方。

因此，中国柑橘的主要产区位于亚热带和暖温带地区，这些地方的气候特点为柑橘提供了良好的生长环境。",1,0,0
195,送杜少府之任蜀州,"""天涯若比邻""出自王勃的《送杜少府之任蜀州》。",1,"""天涯若比邻""出自王勃的《送杜少府之任蜀州》。",1,0,0
217,溶蚀,"喀斯特地貌主要受可溶性岩石（如石灰岩、白云岩等）在地下水长期溶解和侵蚀作用下形成的地质现象。这种地貌特征通常出现在碳酸盐岩地区，尤其是那些含有丰富可溶性矿物质的地层中。

具体来说，喀斯特地貌形成的主要过程包括以下几个步骤：

1. **水的溶解**：地下水中含有的二氧化碳与地表水中的酸性物质反应，生成碳酸氢钙或碳酸钙，这些化合物可以溶解石灰岩等地质结构。
   
2. **溶蚀作用**：随着水流的不断侵蚀，石灰岩等地质结构逐渐被溶解，形成了各种形态的洞穴、石钟乳、石笋、石柱等景观。

3. **沉积作用**：随着时间的推移，这些溶蚀产物会堆积在一起，形成更加复杂的地形结构，如峰丛、洼地等。

4. **风化作用**：除了化学溶解外，物理风化也可能参与其中，尤其是在干旱地区，风力对岩石表面的侵蚀也会促进喀斯特地貌的发展。

因此，喀斯特地貌主要由地下水的溶解作用形成，而不是由河流直接冲刷造成的。河流的作用虽然也会影响喀斯特地貌的发育，但不是其",0,"喀斯特地貌主要受可溶性岩石（如石灰岩、白云岩等）在地下水长期溶解和侵蚀作用下形成的地质现象。这种地貌特征通常出现在碳酸盐岩地区，尤其是那些含有丰富可溶性矿物质的地层中。

具体来说，喀斯特地貌形成的主要过程包括以下几个步骤：

1. **水的溶解**：地下水中含有的二氧化碳与地表水中的酸性物质反应，生成碳酸氢钙或碳酸钙，这些化合物可以溶解石灰岩等地质结构。
   
2. **溶蚀作用**：随着水流的不断侵蚀，石灰岩等地质结构逐渐被溶解，形成了各种形态的洞穴、石钟乳、石笋、石柱等景观。

3. **沉积作用**：随着时间的推移，这些溶蚀产物会堆积在一起，形成更加复杂的地形结构，如峰丛、洼地等。

4. **风化作用**：除了化学溶解外，物理风化也可能参与其中，尤其是在干旱地区，风力对岩石表面的侵蚀也会促进喀斯特地貌的发展。

因此，喀斯特地貌主要由地下水的溶解作用形成，而不是由河流直接冲刷造成的。河流的作用虽然也会影响喀斯特地貌的发育，但不是其",0,0,0
33,元宵节,"汤圆是中国传统节日春节时的一种传统食品，尤其是元宵节（又称“灯节”或“上元节”）期间最为常见。在这一天，人们会吃汤圆来象征团圆和美满。

除了元宵节外，汤圆在中国其他一些地方也有庆祝活动，例如中秋节、端午节等。不过，在这些节日中，汤圆通常作为甜品食用，而非主食。",1,"汤圆是中国传统节日春节时的一种传统食品，尤其是元宵节（又称“灯节”或“上元节”）期间最为常见。在这一天，人们会吃汤圆来象征团圆和美满。

除了元宵节外，汤圆在中国其他一些地方也有庆祝活动，例如中秋节、端午节等。不过，在这些节日中，汤圆通常作为甜品食用，而非主食。",1,0,0
64,鼠,十二生肖中的第一位是鼠。,1,十二生肖中的第一位是鼠。,1,0,0
118,HCl,盐酸（HCl）是一种强酸，其化学式为HCl。,1,盐酸（HCl）是一种强酸，其化学式为HCl。,1,0,0
185,苏轼,"""不识庐山真面目，只缘身在此山中""出自宋代诗人苏轼的《题西林壁》。这是一首著名的诗，表达了深刻的哲理和人生智慧。",1,"""不识庐山真面目，只缘身在此山中""出自宋代诗人苏轼的《题西林壁》。这是一首著名的诗，表达了深刻的哲理和人生智慧。",1,0,0
260,李贺,"“报君黄金台上意，提携玉龙为君死”出自唐代诗人李贺的《雁门太守行》。

这首诗是李贺在唐宪宗元和五年（810年）任御史中丞时所作，当时他因得罪权贵而被贬到潮州（今广东潮安县）。全诗通过描写战争场景，表达了对国家和君主的忠诚之情。

其中，“报君黄金台上意，提携玉龙为君死”这两句诗的意思是：我愿意像燕昭王在黄金台上的故事那样，为国君效力，即使牺牲生命也在所不惜。这里的“黄金台”指的是战国时期燕昭王为了招揽人才，在易水东南的地方筑造的一座高台，传说他曾在此设宴请贤才，后来成为了一种求贤的典故。

整首诗通过对战争场面的描绘以及对国家命运的关注，展现了诗人强烈的爱国情怀和不畏艰难、忠心报国的决心。",1,"“报君黄金台上意，提携玉龙为君死”出自唐代诗人李贺的《雁门太守行》。

这首诗是李贺在唐宪宗元和五年（810年）任御史中丞时所作，当时他因得罪权贵而被贬到潮州（今广东潮安县）。全诗通过描写战争场景，表达了对国家和君主的忠诚之情。

其中，“报君黄金台上意，提携玉龙为君死”这两句诗的意思是：我愿意像燕昭王在黄金台上的故事那样，为国君效力，即使牺牲生命也在所不惜。这里的“黄金台”指的是战国时期燕昭王为了招揽人才，在易水东南的地方筑造的一座高台，传说他曾在此设宴请贤才，后来成为了一种求贤的典故。

整首诗通过对战争场面的描绘以及对国家命运的关注，展现了诗人强烈的爱国情怀和不畏艰难、忠心报国的决心。",1,0,0
41,林则徐,虎门销烟的主导人物是林则徐。1839年6月，林则徐被任命为钦差大臣，前往广东禁烟。在虎门海滩上，他领导了著名的虎门销烟行动，销毁了大量鸦片。这一事件不仅是中国历史上的一个重要转折点，也对世界反法西斯斗争产生了深远影响。,1,虎门销烟的主导人物是林则徐。1839年6月，林则徐被任命为钦差大臣，前往广东禁烟。在虎门海滩上，他领导了著名的虎门销烟行动，销毁了大量鸦片。这一事件不仅是中国历史上的一个重要转折点，也对世界反法西斯斗争产生了深远影响。,1,0,0
144,大洋,七大洲中最小的大洲是大洋洲，面积约为897万平方千米。,1,七大洲中最小的大洲是大洋洲，面积约为897万平方千米。,1,0,0
192,珠江,中国汛期最长的河流是长江，其汛期长达7个月左右。,0,中国汛期最长的河流是长江，其汛期长达7个月左右。,0,0,0
50,皮肤,皮肤是人体最大的器官，它覆盖了全身约1.5平方米的面积。,1,皮肤是人体最大的器官，它覆盖了全身约1.5平方米的面积。,1,0,0
5,曹雪芹,《红楼梦》的作者是清代作家曹雪芹。,1,《红楼梦》的作者是清代作家曹雪芹。,1,0,0
34,唐,安史之乱发生于唐朝时期，具体来说是唐玄宗天宝十四年（755年）到唐肃宗上元二年（761年）。,1,安史之乱发生于唐朝时期，具体来说是唐玄宗天宝十四年（755年）到唐肃宗上元二年（761年）。,1,0,0
9,西安,陕西省的省会城市是西安。,1,陕西省的省会城市是西安。,1,0,0
82,黑龙江,中国的最北端位于黑龙江省漠河县以北黑龙江主航道中心线处，该地纬度约为53°N，海拔约60米。这里是中国最北端的省级行政区是黑龙江省。,1,中国的最北端位于黑龙江省漠河县以北黑龙江主航道中心线处，该地纬度约为53°N，海拔约60米。这里是中国最北端的省级行政区是黑龙江省。,1,0,0
87,喀斯特,云贵高原典型的地貌是喀斯特地貌，主要由石灰岩构成。,1,云贵高原典型的地貌是喀斯特地貌，主要由石灰岩构成。,1,0,0
74,冬,立冬属于二十四节气中的秋季。,0,立冬属于二十四节气中的秋季。,0,0,0
105,李白,这句诗出自唐代大诗人李白的《将进酒》。,1,这句诗出自唐代大诗人李白的《将进酒》。,1,0,0
288,Al(OH)₃,氢氧化铝的化学式是Al(OH)3。,1,氢氧化铝的化学式是Al(OH)3。,1,0,0
267,西藏,雅鲁藏布江大峡谷位于西藏自治区，是中国最长、最深的峡谷之一。,1,雅鲁藏布江大峡谷位于西藏自治区，是中国最长、最深的峡谷之一。,1,0,0
18,巴颜喀拉山脉,黄河发源于青藏高原上的巴颜喀拉山，流经中国多个省份，最终注入渤海。,1,黄河发源于青藏高原上的巴颜喀拉山，流经中国多个省份，最终注入渤海。,1,0,0
156,求富,洋务运动的口号是“自强”和“求富”。,1,洋务运动的口号是“自强”和“求富”。,1,0,0
281,1900,八国联军侵华战争发生在1900年。,1,八国联军侵华战争发生在1900年。,1,0,0
40,脱氧核糖核酸,DNA的中文全称是脱氧核糖核酸（Deoxyribonucleic acid）。,1,DNA的中文全称是脱氧核糖核酸（Deoxyribonucleic acid）。,1,0,0
241,同盟会,中国近代第一个资产阶级革命政党是1905年8月20日成立的中国同盟会。,1,中国近代第一个资产阶级革命政党是1905年8月20日成立的中国同盟会。,1,0,0
79,钨,"白炽灯发光原理依靠的是钨（Tungsten）灯丝。钨是一种非常耐高温且熔点极高的材料，因此在白炽灯中被用作灯丝。当电流通过钨灯丝时，它会迅速加热到几千摄氏度，并在此温度下发生升华，即从固态直接转变为气态。这个过程释放出大量的能量，其中大部分以光的形式辐射出来，这就是我们看到的白炽灯光。

需要注意的是，虽然钨是理想的灯丝材料，但实际生产过程中需要添加一些其他元素来改善其性能和寿命。例如，有些白炽灯使用含有少量银或铜的合金作为灯丝，这些元素可以提高灯丝的导电性和抗氧化性。",1,"白炽灯发光原理依靠的是钨（Tungsten）灯丝。钨是一种非常耐高温且熔点极高的材料，因此在白炽灯中被用作灯丝。当电流通过钨灯丝时，它会迅速加热到几千摄氏度，并在此温度下发生升华，即从固态直接转变为气态。这个过程释放出大量的能量，其中大部分以光的形式辐射出来，这就是我们看到的白炽灯光。

需要注意的是，虽然钨是理想的灯丝材料，但实际生产过程中需要添加一些其他元素来改善其性能和寿命。例如，有些白炽灯使用含有少量银或铜的合金作为灯丝，这些元素可以提高灯丝的导电性和抗氧化性。",1,0,0
98,盐,氯化钠俗称食盐。,1,氯化钠俗称食盐。,1,0,0
90,关汉卿,元曲四大家之首是关汉卿，他与白朴、马致远、郑光祖并称为“元曲四大家”。关汉卿的代表作有《窦娥冤》等。,1,元曲四大家之首是关汉卿，他与白朴、马致远、郑光祖并称为“元曲四大家”。关汉卿的代表作有《窦娥冤》等。,1,0,0
293,K₂CO₃,碳酸钾的化学式是K2CO3。,1,碳酸钾的化学式是K2CO3。,1,0,0
115,唐,王昌龄（698—756），字少伯，汉族，河东晋阳（今山西太原）人，又一说京兆长安人。盛唐著名边塞诗人，后人誉为“七绝圣手”。王昌龄与高适、王之涣齐名，并称“王之三”，是中国诗歌史上的著名诗人。,0,王昌龄（698—756），字少伯，汉族，河东晋阳（今山西太原）人，又一说京兆长安人。盛唐著名边塞诗人，后人誉为“七绝圣手”。王昌龄与高适、王之涣齐名，并称“王之三”，是中国诗歌史上的著名诗人。,0,0,0
271,1894,甲午中日战争爆发于1894年。,1,甲午中日战争爆发于1894年。,1,0,0
228,CaCO₃,石灰石的化学式是CaCO3，其中Ca代表钙元素，C代表碳元素，O代表氧元素。,1,石灰石的化学式是CaCO3，其中Ca代表钙元素，C代表碳元素，O代表氧元素。,1,0,0
170,司马光,《资治通鉴》是由北宋史学家司马光主编的一部编年体通史巨著，而非司马光本人所作。这部书由司马光和他的子侄们共同完成，并在宋神宗的支持下于1005年至1038年间历时19年编纂而成。《资治通鉴》记载了从战国到五代共1362年的历史，是研究中国古代历史的重要文献之一。,0,《资治通鉴》是由北宋史学家司马光主编的一部编年体通史巨著，而非司马光本人所作。这部书由司马光和他的子侄们共同完成，并在宋神宗的支持下于1005年至1038年间历时19年编纂而成。《资治通鉴》记载了从战国到五代共1362年的历史，是研究中国古代历史的重要文献之一。,0,0,0
286,辛亥革命,清末新政失败后，1911年爆发了辛亥革命。,1,清末新政失败后，1911年爆发了辛亥革命。,1,0,0
125,龚自珍,"这句诗出自清代诗人龚自珍的《己亥杂诗·其五》。

原文如下：

浩荡离愁白日斜，吟鞭东指即天涯。
落红不是无情物，化作春泥更护花。

这首诗表达了诗人龚自珍对国家和民族命运的关注与忧虑，以及对理想抱负实现的坚定信念。""落红不是无情物""这一句，形象地描绘了落花虽已凋零，但它们依然能够为新生事物提供养分，象征着即使个人的生命终将消逝，也应以无私奉献的精神滋养后世的美好。",1,"这句诗出自清代诗人龚自珍的《己亥杂诗·其五》。

原文如下：

浩荡离愁白日斜，吟鞭东指即天涯。
落红不是无情物，化作春泥更护花。

这首诗表达了诗人龚自珍对国家和民族命运的关注与忧虑，以及对理想抱负实现的坚定信念。""落红不是无情物""这一句，形象地描绘了落花虽已凋零，但它们依然能够为新生事物提供养分，象征着即使个人的生命终将消逝，也应以无私奉献的精神滋养后世的美好。",1,0,0
191,唐代宗,安史之乱结束于唐肃宗时期。,0,安史之乱结束于唐肃宗时期。,0,0,0
205,刘禹锡,"这句诗出自唐代诗人刘禹锡的《酬乐天扬州初逢席上见赠》。

原文如下：
```plaintext
巴山楚水凄凉地，二十三年弃置身。
怀旧空吟闻笛赋，到乡翻似烂柯人。
沉舟侧畔千帆过，病树前头万木春。
今日听君歌一曲，暂凭杯酒长精神。
```

这首诗表达了诗人对友人的怀念和对世事变迁的感慨。其中，“沉舟侧畔千帆过”一句描绘了在逆境中仍能看到希望的画面，象征着即使身处困境，也应保持乐观态度，相信未来会更好。",1,"这句诗出自唐代诗人刘禹锡的《酬乐天扬州初逢席上见赠》。

原文如下：
```plaintext
巴山楚水凄凉地，二十三年弃置身。
怀旧空吟闻笛赋，到乡翻似烂柯人。
沉舟侧畔千帆过，病树前头万木春。
今日听君歌一曲，暂凭杯酒长精神。
```

这首诗表达了诗人对友人的怀念和对世事变迁的感慨。其中，“沉舟侧畔千帆过”一句描绘了在逆境中仍能看到希望的画面，象征着即使身处困境，也应保持乐观态度，相信未来会更好。",1,0,0
220,李煜,"""剪不断，理还乱，是离愁。别是一般滋味在心头。"" 这句诗出自宋代词人李煜的《相见欢·无言独上西楼》。

这首词描绘了词人在夜晚独自登高远望时所感受到的情感波动和内心深处的孤独与哀愁。整首词以简洁的语言勾勒出一幅凄美的画面，表达了词人对故国之思、亡国之痛以及人生无常的感慨。",1,"""剪不断，理还乱，是离愁。别是一般滋味在心头。"" 这句诗出自宋代词人李煜的《相见欢·无言独上西楼》。

这首词描绘了词人在夜晚独自登高远望时所感受到的情感波动和内心深处的孤独与哀愁。整首词以简洁的语言勾勒出一幅凄美的画面，表达了词人对故国之思、亡国之痛以及人生无常的感慨。",1,0,0
222,长江,长江是中国水能资源最丰富的水系，其蕴藏量占全国总蕴藏量的60%以上。,1,长江是中国水能资源最丰富的水系，其蕴藏量占全国总蕴藏量的60%以上。,1,0,0
103,H₂SO₄,硫酸的化学式是H2SO4。,1,硫酸的化学式是H2SO4。,1,0,0
169,微波,"微波炉加热食物是利用微波（也称为电磁波）来工作的。微波是一种频率很高的无线电波，它能够使水分子在微波场中振动并产生热量，从而加热食物内部的水分和其他含水量较高的成分。

具体来说，当微波通过微波炉内的金属容器时，它们会吸收微波能量，并将这些能量转化为热能。这个过程发生在食物中的水、脂肪和蛋白质等含有极性分子的物质上，因为这些分子容易被微波吸引并吸收能量。由于这些分子的振动会产生热量，因此整个食物都会变热。

需要注意的是，虽然微波炉可以有效地加热食物，但它不能用于烹饪或处理任何可能引起火灾的食物，如油炸食品。此外，使用微波炉加热食物时应确保容器是微波安全的，以避免损坏微波炉或引发安全事故。",1,"微波炉加热食物是利用微波（也称为电磁波）来工作的。微波是一种频率很高的无线电波，它能够使水分子在微波场中振动并产生热量，从而加热食物内部的水分和其他含水量较高的成分。

具体来说，当微波通过微波炉内的金属容器时，它们会吸收微波能量，并将这些能量转化为热能。这个过程发生在食物中的水、脂肪和蛋白质等含有极性分子的物质上，因为这些分子容易被微波吸引并吸收能量。由于这些分子的振动会产生热量，因此整个食物都会变热。

需要注意的是，虽然微波炉可以有效地加热食物，但它不能用于烹饪或处理任何可能引起火灾的食物，如油炸食品。此外，使用微波炉加热食物时应确保容器是微波安全的，以避免损坏微波炉或引发安全事故。",1,0,0
61,北宋,靖康之变发生于北宋时期，具体来说是宋钦宗赵桓统治期间（1126年-1127年）。,1,靖康之变发生于北宋时期，具体来说是宋钦宗赵桓统治期间（1126年-1127年）。,1,0,0
216,南京条约,鸦片战争后，清政府被迫与英国签订了《南京条约》，这是中国近代史上第一个不平等条约。该条约规定割让香港岛给英国，并开放广州、厦门、福州、宁波和上海五处为通商口岸，允许外国人在华投资设厂等。这些条款严重损害了中国的主权和利益，标志着中国开始沦为半殖民地半封建社会。,1,鸦片战争后，清政府被迫与英国签订了《南京条约》，这是中国近代史上第一个不平等条约。该条约规定割让香港岛给英国，并开放广州、厦门、福州、宁波和上海五处为通商口岸，允许外国人在华投资设厂等。这些条款严重损害了中国的主权和利益，标志着中国开始沦为半殖民地半封建社会。,1,0,0
184,变大,"冬天水管破裂的原因是水在结冰时会膨胀，导致管道承受不了压力而破裂。当温度下降到0摄氏度以下时，水开始凝固成冰，由于冰的密度小于水，所以水分子之间的距离变大了，这就意味着水分子之间产生了更多的空间，这些空间被压缩成了冰晶格中的空隙，从而使得水分子之间的距离增大。

当水从液态转变为固态时，其体积会增加约9%左右。因此，在寒冷的冬季，如果水管内的水冻结成冰，那么管壁上的水就会受到更大的压力，这可能会导致水管破裂。此外，如果水管内有其他液体（如油或化学物质），它们也会因为温度降低而凝固，进一步加剧了这种压力。",1,"冬天水管破裂的原因是水在结冰时会膨胀，导致管道承受不了压力而破裂。当温度下降到0摄氏度以下时，水开始凝固成冰，由于冰的密度小于水，所以水分子之间的距离变大了，这就意味着水分子之间产生了更多的空间，这些空间被压缩成了冰晶格中的空隙，从而使得水分子之间的距离增大。

当水从液态转变为固态时，其体积会增加约9%左右。因此，在寒冷的冬季，如果水管内的水冻结成冰，那么管壁上的水就会受到更大的压力，这可能会导致水管破裂。此外，如果水管内有其他液体（如油或化学物质），它们也会因为温度降低而凝固，进一步加剧了这种压力。",1,0,0
109,立春,二十四节气的第一个节气是立春，通常在每年的2月3日或4日。,1,二十四节气的第一个节气是立春，通常在每年的2月3日或4日。,1,0,0
117,非洲,"尼罗河是世界上最长的河流，全长约6,650公里（4,130英里），流经非洲东北部地区。它发源于埃塞俄比亚高原上的托迈山口，最终注入地中海。因此，尼罗河位于非洲大陆上。",1,"尼罗河是世界上最长的河流，全长约6,650公里（4,130英里），流经非洲东北部地区。它发源于埃塞俄比亚高原上的托迈山口，最终注入地中海。因此，尼罗河位于非洲大陆上。",1,0,0
66,清,洋务运动起源于清朝道光年间，由清政府派到外国学习军事和科技的官员们发起的一场旨在维护清朝统治的自救运动。洋务运动的主要代表人物有曾国藩、李鸿章、左宗棠等。洋务运动的主要内容包括引进西方技术，创办新式学堂，派遣留学生，兴办近代企业等。洋务运动虽然未能使中国走上富强的道路，但它在一定程度上推动了中国的现代化进程，并为后来的戊戌变法和辛亥革命奠定了基础。,1,洋务运动起源于清朝道光年间，由清政府派到外国学习军事和科技的官员们发起的一场旨在维护清朝统治的自救运动。洋务运动的主要代表人物有曾国藩、李鸿章、左宗棠等。洋务运动的主要内容包括引进西方技术，创办新式学堂，派遣留学生，兴办近代企业等。洋务运动虽然未能使中国走上富强的道路，但它在一定程度上推动了中国的现代化进程，并为后来的戊戌变法和辛亥革命奠定了基础。,1,0,0
21,氯化钠,食盐的主要化学成分是氯化钠（NaCl）。,1,食盐的主要化学成分是氯化钠（NaCl）。,1,0,0
44,H,氢的元素符号是H。,1,氢的元素符号是H。,1,0,0
77,青藏,世界最高的高原是青藏高原，位于亚洲南部，横跨中国、印度、不丹、尼泊尔和巴基斯坦等国家。它的平均海拔高度为4000米以上，是世界上最高的高原。,1,世界最高的高原是青藏高原，位于亚洲南部，横跨中国、印度、不丹、尼泊尔和巴基斯坦等国家。它的平均海拔高度为4000米以上，是世界上最高的高原。,1,0,0
4,24,在中国传统历法中，一个回归年被分为24个节气，这24个节气包括立春、雨水、惊蛰、春分、清明、谷雨、立夏、小满、芒种、夏至、小暑、大暑、立秋、处暑、白露、秋分、寒露、霜降、立冬、小雪、大雪、冬至和小寒。,1,在中国传统历法中，一个回归年被分为24个节气，这24个节气包括立春、雨水、惊蛰、春分、清明、谷雨、立夏、小满、芒种、夏至、小暑、大暑、立秋、处暑、白露、秋分、寒露、霜降、立冬、小雪、大雪、冬至和小寒。,1,0,0
274,浮力,"热气球升空依靠的是浮力。具体来说，热气球升空是因为它内部燃烧燃料产生的热量使气体膨胀，体积增大，密度减小，从而产生向上的浮力。这个原理类似于阿基米德原理，即物体在流体中所受的向上浮力等于其排开液体的重量。

当热气球内充满热空气（通常是通过加热周围环境中的空气来实现）时，这些热空气比周围的冷空气轻，因此会漂浮在上面。随着热气球上升，它会逐渐减少内部的空气量，以保持内部压力和温度与外部相同，这样可以维持热气球的稳定飞行状态。",1,"热气球升空依靠的是浮力。具体来说，热气球升空是因为它内部燃烧燃料产生的热量使气体膨胀，体积增大，密度减小，从而产生向上的浮力。这个原理类似于阿基米德原理，即物体在流体中所受的向上浮力等于其排开液体的重量。

当热气球内充满热空气（通常是通过加热周围环境中的空气来实现）时，这些热空气比周围的冷空气轻，因此会漂浮在上面。随着热气球上升，它会逐渐减少内部的空气量，以保持内部压力和温度与外部相同，这样可以维持热气球的稳定飞行状态。",1,0,0
208,CuO,氧化铜的化学式是CuO。,1,氧化铜的化学式是CuO。,1,0,0
283,FeSO₄,硫酸亚铁的化学式是FeSO4。,1,硫酸亚铁的化学式是FeSO4。,1,0,0
246,上京,澶渊之盟是北宋与辽签订的一份盟约，盟约中规定双方停止对峙，并在边界上划定界限，互不侵犯。盟约的具体内容和细节需要查阅相关历史资料以获取准确信息。澶渊之盟是中国历史上著名的盟约之一，对于中国历史的发展有着重要的影响。,0,澶渊之盟是北宋与辽签订的一份盟约，盟约中规定双方停止对峙，并在边界上划定界限，互不侵犯。盟约的具体内容和细节需要查阅相关历史资料以获取准确信息。澶渊之盟是中国历史上著名的盟约之一，对于中国历史的发展有着重要的影响。,0,0,0
24,Fe,铁的元素符号是Fe。,1,铁的元素符号是Fe。,1,0,0
22,苏轼,"""大江东去，浪淘尽""这句词是宋代著名词人苏轼的作品《念奴娇·赤壁怀古》中的开篇之句。

这首词作于宋神宗元丰五年（1082年），当时苏轼因“乌台诗案”被贬谪黄州（今湖北黄冈）期间。在这首词中，苏轼借景抒情，表达了对历史英雄人物的仰慕之情和自己壮志未酬、人生失意的感慨。""大江东去，浪淘尽""两句描绘了长江奔腾不息、波涛汹涌的景象，象征着历史的变迁和人生的无常，同时也为下文的怀古铺垫了背景。",1,"""大江东去，浪淘尽""这句词是宋代著名词人苏轼的作品《念奴娇·赤壁怀古》中的开篇之句。

这首词作于宋神宗元丰五年（1082年），当时苏轼因“乌台诗案”被贬谪黄州（今湖北黄冈）期间。在这首词中，苏轼借景抒情，表达了对历史英雄人物的仰慕之情和自己壮志未酬、人生失意的感慨。""大江东去，浪淘尽""两句描绘了长江奔腾不息、波涛汹涌的景象，象征着历史的变迁和人生的无常，同时也为下文的怀古铺垫了背景。",1,0,0
38,7,一年中有7个大月，分别是1月、3月、5月、7月、8月、10月和12月。,1,一年中有7个大月，分别是1月、3月、5月、7月、8月、10月和12月。,1,0,0
270,李白,"""唯见长江天际流""出自唐代诗人李白的《黄鹤楼送孟浩然之广陵》。

这首诗是李白在公元730年（唐玄宗开元十八年）离开扬州，前往湖北、江西一带漫游时所作。全诗如下：

故人西辞黄鹤楼，烟花三月下扬州。
孤帆远影碧空尽，唯见长江天际流。

其中，“唯见长江天际流”一句描绘了友人乘坐的船渐渐消失在视线之外，只留下滚滚东去的长江水和无边无际的天空相接的情景，表达了对朋友的依依惜别之情。",1,"""唯见长江天际流""出自唐代诗人李白的《黄鹤楼送孟浩然之广陵》。

这首诗是李白在公元730年（唐玄宗开元十八年）离开扬州，前往湖北、江西一带漫游时所作。全诗如下：

故人西辞黄鹤楼，烟花三月下扬州。
孤帆远影碧空尽，唯见长江天际流。

其中，“唯见长江天际流”一句描绘了友人乘坐的船渐渐消失在视线之外，只留下滚滚东去的长江水和无边无际的天空相接的情景，表达了对朋友的依依惜别之情。",1,0,0
167,渤海,黄河最终注入渤海。,1,黄河最终注入渤海。,1,0,0
227,西藏,布达拉宫位于中国西藏自治区拉萨市，是世界文化遗产、全国重点文物保护单位。,1,布达拉宫位于中国西藏自治区拉萨市，是世界文化遗产、全国重点文物保护单位。,1,0,0
240,王昌龄,"""一片冰心在玉壶""出自唐朝诗人王昌龄的《芙蓉楼送辛渐》。这是一首表达友情和高洁志向的诗，表达了诗人对朋友辛渐的深情厚谊以及自己高尚情操的坚守。",1,"""一片冰心在玉壶""出自唐朝诗人王昌龄的《芙蓉楼送辛渐》。这是一首表达友情和高洁志向的诗，表达了诗人对朋友辛渐的深情厚谊以及自己高尚情操的坚守。",1,0,0
129,腊八节,"腊八粥是中国传统节日之一，主要在农历十二月初八（即腊月二十三或二十四）这一天食用。这个习俗起源于中国北方地区，后来逐渐传播到其他地方。

腊八粥通常由多种谷物、豆类、坚果和干果等熬制而成，味道香甜可口，营养丰富。它不仅是一种美味的食物，还象征着丰收和吉祥。在一些地区，人们还会在腊八节当天进行祭祀祖先和神灵的活动，以表达对先人的怀念和敬意。

腊八粥的制作方法各地有所不同，但基本都是将各种食材煮成一锅粥状。随着时代的发展，腊八粥的种类也在不断变化，除了传统的五谷杂粮外，现在市面上也出现了许多创新口味的腊八粥，如水果味、巧克力味等，满足了不同人群的需求。",0,"腊八粥是中国传统节日之一，主要在农历十二月初八（即腊月二十三或二十四）这一天食用。这个习俗起源于中国北方地区，后来逐渐传播到其他地方。

腊八粥通常由多种谷物、豆类、坚果和干果等熬制而成，味道香甜可口，营养丰富。它不仅是一种美味的食物，还象征着丰收和吉祥。在一些地区，人们还会在腊八节当天进行祭祀祖先和神灵的活动，以表达对先人的怀念和敬意。

腊八粥的制作方法各地有所不同，但基本都是将各种食材煮成一锅粥状。随着时代的发展，腊八粥的种类也在不断变化，除了传统的五谷杂粮外，现在市面上也出现了许多创新口味的腊八粥，如水果味、巧克力味等，满足了不同人群的需求。",0,0,0
178,Fe₂O₃,氧化铁的化学式是Fe2O3或Fe3O4，具体取决于其组成和结构。,0,氧化铁的化学式是Fe2O3或Fe3O4，具体取决于其组成和结构。,0,0,0
27,长江,中国的第一长河是长江，全长约6300公里。,1,中国的第一长河是长江，全长约6300公里。,1,0,0
42,大学,《大学》是古代中国儒家经典之一，是中国古代四书之首。,0,《大学》是古代中国儒家经典之一，是中国古代四书之首。,0,0,0
158,H₂CO₃,碳酸的化学式是H2CO3，它是一种二元酸。,1,碳酸的化学式是H2CO3，它是一种二元酸。,1,0,0
70,陶渊明,"""采菊东篱下""出自陶渊明的《饮酒》（其五）。

原文如下：

结庐在人境，而无车马喧。
问君何能尔？心远地自偏。
采菊东篱下，悠然见南山。
山气日夕佳，飞鸟相与还。
此中有真意，欲辨已忘言。

这首诗描绘了诗人隐居生活的宁静和淡泊，通过描写自己在东篱下的生活场景，表达了对自然美景的喜爱以及对心灵自由的追求。""采菊东篱下""这一句正是全诗的开篇之笔，展现了诗人远离尘嚣、享受田园生活的惬意心境。",1,"""采菊东篱下""出自陶渊明的《饮酒》（其五）。

原文如下：

结庐在人境，而无车马喧。
问君何能尔？心远地自偏。
采菊东篱下，悠然见南山。
山气日夕佳，飞鸟相与还。
此中有真意，欲辨已忘言。

这首诗描绘了诗人隐居生活的宁静和淡泊，通过描写自己在东篱下的生活场景，表达了对自然美景的喜爱以及对心灵自由的追求。""采菊东篱下""这一句正是全诗的开篇之笔，展现了诗人远离尘嚣、享受田园生活的惬意心境。",1,0,0
171,燕,"战国七雄是指春秋末年至战国时期，齐、楚、燕、韩、赵、魏、秦七个国家并立的局面。其中，地处最北的是燕国。

燕国位于中国东北部，与辽东半岛相连，其北部边界接近朝鲜半岛和俄罗斯远东地区。燕国在战国时期的实力较强，曾一度控制了北方大部分地区，并且与秦国之间有过多次战争。燕国的地理位置使其成为战国七雄中的一个特殊存在，同时也是历史上著名的“燕下都”所在地。",1,"战国七雄是指春秋末年至战国时期，齐、楚、燕、韩、赵、魏、秦七个国家并立的局面。其中，地处最北的是燕国。

燕国位于中国东北部，与辽东半岛相连，其北部边界接近朝鲜半岛和俄罗斯远东地区。燕国在战国时期的实力较强，曾一度控制了北方大部分地区，并且与秦国之间有过多次战争。燕国的地理位置使其成为战国七雄中的一个特殊存在，同时也是历史上著名的“燕下都”所在地。",1,0,0
131,朱棣,明英宗朱祁镇。,0,明英宗朱祁镇。,0,0,0
175,岑参,"""忽如一夜春风来，千树万树梨花开""出自唐代诗人岑参的《白雪歌送武判官归京》。",1,"""忽如一夜春风来，千树万树梨花开""出自唐代诗人岑参的《白雪歌送武判官归京》。",1,0,0
145,柳宗元,唐宋八大家中的另一位唐代作家是柳宗元。唐宋八大家是中国古代八大散文家的合称，他们分别是：韩愈、柳宗元、欧阳修、苏洵、苏轼、苏辙（苏氏三父子）、王安石、曾巩。这八位散文家在文学史上有着重要的地位，他们的作品对后世产生了深远的影响。,1,唐宋八大家中的另一位唐代作家是柳宗元。唐宋八大家是中国古代八大散文家的合称，他们分别是：韩愈、柳宗元、欧阳修、苏洵、苏轼、苏辙（苏氏三父子）、王安石、曾巩。这八位散文家在文学史上有着重要的地位，他们的作品对后世产生了深远的影响。,1,0,0
176,商,商朝。,1,商朝。,1,0,0
284,阿基米德,浮力原理是阿基米德首先发现的，他曾经说过：“如果一个物体被浸入水中，它会受到一个向上的力，这个力等于它排开的水的重量。”这就是著名的“阿基米德原理”。,1,浮力原理是阿基米德首先发现的，他曾经说过：“如果一个物体被浸入水中，它会受到一个向上的力，这个力等于它排开的水的重量。”这就是著名的“阿基米德原理”。,1,0,0
211,明,土木堡之变发生于明朝。,1,土木堡之变发生于明朝。,1,0,0
48,氮气,地球大气层中占比最高的气体是氮气，占大约78%。其次是氧气，占约21%，其余的气体包括二氧化碳、氩气等。,1,地球大气层中占比最高的气体是氮气，占大约78%。其次是氧气，占约21%，其余的气体包括二氧化碳、氩气等。,1,0,0
253,AgCl,"氯化银（AgCl）是一种常见的无机化合物，其化学式为AgCl。

在水溶液中，氯化银是白色沉淀物，具有一定的溶解度。它在空气中容易被氧化成黄色或棕色的氧化银。氯化银在许多应用中有重要用途，例如作为感光材料、消毒剂等。",1,"氯化银（AgCl）是一种常见的无机化合物，其化学式为AgCl。

在水溶液中，氯化银是白色沉淀物，具有一定的溶解度。它在空气中容易被氧化成黄色或棕色的氧化银。氯化银在许多应用中有重要用途，例如作为感光材料、消毒剂等。",1,0,0
189,变性,"鸡蛋煮熟时，蛋白质会发生变性。变性是指蛋白质分子结构发生变化，导致其生物学功能丧失或改变的过程。在高温下，蛋清中的蛋白质会迅速凝固并形成网状结构，使鸡蛋变得坚硬和难以消化。

具体来说，在水温达到100°C（212°F）以上时，蛋白质开始变性。此时，蛋白质的空间构象被破坏，氨基酸之间的氢键断裂，导致蛋白质失去原有的三维结构。这种变性会使蛋白质失去原有的生物活性，如酶促反应、免疫反应等，并且还会产生一些新的化学性质，例如沉淀、凝胶化等。

因此，鸡蛋煮熟后，蛋白质发生了不可逆的变化，使其不再具有营养价值和生理功能。",1,"鸡蛋煮熟时，蛋白质会发生变性。变性是指蛋白质分子结构发生变化，导致其生物学功能丧失或改变的过程。在高温下，蛋清中的蛋白质会迅速凝固并形成网状结构，使鸡蛋变得坚硬和难以消化。

具体来说，在水温达到100°C（212°F）以上时，蛋白质开始变性。此时，蛋白质的空间构象被破坏，氨基酸之间的氢键断裂，导致蛋白质失去原有的三维结构。这种变性会使蛋白质失去原有的生物活性，如酶促反应、免疫反应等，并且还会产生一些新的化学性质，例如沉淀、凝胶化等。

因此，鸡蛋煮熟后，蛋白质发生了不可逆的变化，使其不再具有营养价值和生理功能。",1,0,0
155,王实甫,《西厢记》是元代王实甫创作的一部杂剧，全名《崔莺莺待月西厢记》，是中国古代四大爱情故事之一。这部作品以其生动的人物形象、曲折的情节和优美的语言而著称，对后世文学产生了深远的影响。,1,《西厢记》是元代王实甫创作的一部杂剧，全名《崔莺莺待月西厢记》，是中国古代四大爱情故事之一。这部作品以其生动的人物形象、曲折的情节和优美的语言而著称，对后世文学产生了深远的影响。,1,0,0
168,NO₂,二氧化氮的化学式是NO2。,1,二氧化氮的化学式是NO2。,1,0,0
266,广西,太平天国运动起源于今河南省，后来扩展到安徽、湖北等地。,0,太平天国运动起源于今河南省，后来扩展到安徽、湖北等地。,0,0,0
121,唐,开元盛世是中国唐朝时期的一个繁荣时期，唐玄宗李隆基在位期间（712年-756年）所开创的盛世局面。这个时期的经济、文化、社会等方面都达到了历史上的高峰。,1,开元盛世是中国唐朝时期的一个繁荣时期，唐玄宗李隆基在位期间（712年-756年）所开创的盛世局面。这个时期的经济、文化、社会等方面都达到了历史上的高峰。,1,0,0
194,石家庄,河北省的省会城市是石家庄市。,1,河北省的省会城市是石家庄市。,1,0,0
235,李商隐,"""相见时难别亦难""出自唐代诗人李商隐的《无题·相见时难别亦难》。

原文如下：

相见时难别亦难，东风无力百花残。
春蚕到死丝方尽，蜡炬成灰泪始干。
晓镜但愁云鬓改，夜吟应觉月光寒。
蓬山此去无多路，青鸟殷勤为探看。

这首诗表达了诗人对爱情的执着和无奈，以及对美好时光的珍惜之情。",1,"""相见时难别亦难""出自唐代诗人李商隐的《无题·相见时难别亦难》。

原文如下：

相见时难别亦难，东风无力百花残。
春蚕到死丝方尽，蜡炬成灰泪始干。
晓镜但愁云鬓改，夜吟应觉月光寒。
蓬山此去无多路，青鸟殷勤为探看。

这首诗表达了诗人对爱情的执着和无奈，以及对美好时光的珍惜之情。",1,0,0
80,王勃,“海内存知己，天涯若比邻。”出自唐代诗人王勃的《送杜少府之任蜀州》。,1,“海内存知己，天涯若比邻。”出自唐代诗人王勃的《送杜少府之任蜀州》。,1,0,0
223,MnO₂,二氧化锰的化学式是MnO2。,1,二氧化锰的化学式是MnO2。,1,0,0
254,惯性定律,"汽车急刹车时，人前倾的现象是由于惯性力的作用。根据牛顿第一运动定律（惯性定律），物体在没有外力作用的情况下会保持静止状态或匀速直线运动状态。当汽车突然减速或停止时，乘客和驾驶员的身体由于惯性会继续向前移动，这种现象被称为“惯性”。

具体来说，当汽车紧急刹车时，车内的乘客和驾驶员身体会因为惯性而试图保持原来的运动状态，即向前移动。为了防止这种情况发生，汽车设计中通常会安装安全带、座椅靠背等装置来约束乘客，以减少因惯性导致的伤害。

因此，汽车急刹车时人前倾的现象遵循的是牛顿第一运动定律，即惯性定律。",1,"汽车急刹车时，人前倾的现象是由于惯性力的作用。根据牛顿第一运动定律（惯性定律），物体在没有外力作用的情况下会保持静止状态或匀速直线运动状态。当汽车突然减速或停止时，乘客和驾驶员的身体由于惯性会继续向前移动，这种现象被称为“惯性”。

具体来说，当汽车紧急刹车时，车内的乘客和驾驶员身体会因为惯性而试图保持原来的运动状态，即向前移动。为了防止这种情况发生，汽车设计中通常会安装安全带、座椅靠背等装置来约束乘客，以减少因惯性导致的伤害。

因此，汽车急刹车时人前倾的现象遵循的是牛顿第一运动定律，即惯性定律。",1,0,0
294,4,一年有四个季节，分别是春季、夏季、秋季和冬季。,1,一年有四个季节，分别是春季、夏季、秋季和冬季。,1,0,0
207,新疆,博斯腾湖位于新疆维吾尔自治区博尔塔拉蒙古自治州博乐市境内，是中国最大的内陆淡水湖。,0,博斯腾湖位于新疆维吾尔自治区博尔塔拉蒙古自治州博乐市境内，是中国最大的内陆淡水湖。,0,0,0
180,杜牧,"这句诗出自唐代诗人杜牧的《泊秦淮》。

全诗如下：

《泊秦淮》
唐·杜牧

烟笼寒水月笼沙，夜泊秦淮近酒家。
商女不知亡国恨，隔江犹唱后庭花。

这首诗描绘了夜晚在秦淮河上停泊的情景，并借古讽今，表达了对国家兴衰和历史变迁的感慨。其中，“商女不知亡国恨”这一句，通过讽刺那些不关心国家命运、只顾享乐的歌女，隐喻当时一些文人墨客对于国家前途的漠视态度。",1,"这句诗出自唐代诗人杜牧的《泊秦淮》。

全诗如下：

《泊秦淮》
唐·杜牧

烟笼寒水月笼沙，夜泊秦淮近酒家。
商女不知亡国恨，隔江犹唱后庭花。

这首诗描绘了夜晚在秦淮河上停泊的情景，并借古讽今，表达了对国家兴衰和历史变迁的感慨。其中，“商女不知亡国恨”这一句，通过讽刺那些不关心国家命运、只顾享乐的歌女，隐喻当时一些文人墨客对于国家前途的漠视态度。",1,0,0
290,虞美人,"""往事知多少""出自李煜的《浪淘沙令·帘外雨潺潺》。",0,"""往事知多少""出自李煜的《浪淘沙令·帘外雨潺潺》。",0,0,0
164,泰山,五岳之首是泰山，位于中国山东省泰安市，是中国著名的自然和文化名山之一。泰山以其雄伟壮丽的山势、悠久的历史文化和众多的文化遗迹而闻名于世。,1,五岳之首是泰山，位于中国山东省泰安市，是中国著名的自然和文化名山之一。泰山以其雄伟壮丽的山势、悠久的历史文化和众多的文化遗迹而闻名于世。,1,0,0
63,盐酸,胃酸的主要成分是盐酸（HCl）。,1,胃酸的主要成分是盐酸（HCl）。,1,0,0
154,北冰,四大洋中最小的是北冰洋。,1,四大洋中最小的是北冰洋。,1,0,0
242,甘肃,河西走廊位于中国的甘肃省。,1,河西走廊位于中国的甘肃省。,1,0,0
265,王翰,"“古来征战几人回”出自唐代诗人王翰的《凉州词二首·其一》。

这首诗是唐朝边塞诗人王翰创作的一组两首七言绝句，全诗如下：

1. 羌笛何须怨杨柳，春风不度玉门关。
2. 但使龙城飞将在，不教胡马度阴山。

在这两句中，“古来征战几人回”是第一首诗的第一句，表达了战争中的悲壮和无奈。",1,"“古来征战几人回”出自唐代诗人王翰的《凉州词二首·其一》。

这首诗是唐朝边塞诗人王翰创作的一组两首七言绝句，全诗如下：

1. 羌笛何须怨杨柳，春风不度玉门关。
2. 但使龙城飞将在，不教胡马度阴山。

在这两句中，“古来征战几人回”是第一首诗的第一句，表达了战争中的悲壮和无奈。",1,0,0
198,Al₂O₃,氧化铝的化学式是Al2O3。,1,氧化铝的化学式是Al2O3。,1,0,0
173,Na,钠的元素符号是Na。,1,钠的元素符号是Na。,1,0,0
